{
  "backgroundColor" : {
    "alpha" : 1,
    "blue" : 0.9998241066932678,
    "green" : 0.999955952167511,
    "id" : "69A4ADB5-94E6-4984-835D-215560950E5C",
    "index" : 0,
    "red" : 1.000087857246399
  },
  "colors" : [
    {
      "alpha" : 1,
      "blue" : 0.9880368113517761,
      "green" : 0.8515536785125732,
      "id" : "69A4ADB5-94E6-4984-835D-215560950E5C",
      "index" : 0,
      "red" : 0.82062828540802
    },
    {
      "alpha" : 1,
      "blue" : 0.960409939289093,
      "green" : 0.5354694128036499,
      "id" : "3462C3B4-652A-4EA3-ACE8-A97EDB8DED0A",
      "index" : 1,
      "red" : 0.422683984041214
    },
    {
      "alpha" : 1,
      "blue" : 0.9477505087852478,
      "green" : 0.3623674213886261,
      "id" : "B01162E7-AF2D-4BED-B4A1-DC77A4FBEC51",
      "index" : 2,
      "red" : 0.17123576998710632
    }
  ],
  "imagePadding" : 32,
  "layerHeight" : 45,
  "version" : 1
}